movieId,title,director
1,Wild Window Under Stars,Jana Vesela
2,Crimson Garden North,Jana Vesela
3,Golden Harbor Under Stars,Klara Benesova
4,Secret Station North,Eva Novak
5,Silver Dream Under Stars,Martin Dvorak
6,Hidden Storm North,Petr Svoboda
7,Burning Mirror Under Stars,Eva Novak
8,Rapid Valley North,Lenka Horakova
9,Last City Under Stars,Eva Novak
10,Frozen Forest North,Lenka Horakova
11,Lonely Signal Under Stars,Lenka Horakova
12,Bright Planet North,Eva Novak
13,Lost Bridge Under Stars,Petr Svoboda
14,Ancient Machine North,Petr Svoboda
15,Broken Memory Under Stars,Lenka Horakova
16,Gentle Festival North,Petr Svoboda
17,Electric Promise Under Stars,Petr Svoboda
18,Distant Road North,Klara Benesova
19,Shadow Journey Under Stars,Lenka Horakova
20,Silent River North,Jana Vesela
21,Wild Window Under Stars,Tomas Kral
22,Crimson Garden North,Tomas Kral
23,Golden Harbor Under Stars,Jana Vesela
24,Secret Station North,Klara Benesova
25,Silver Dream Under Stars,Lenka Horakova
26,Hidden Storm North,Petr Svoboda
27,Burning Mirror Under Stars,Adam Cerny
28,Rapid Valley North,Tomas Kral
29,Last City Under Stars,Adam Cerny
30,Frozen Forest North,Jana Vesela
31,Lonely Signal Under Stars,Eva Novak
32,Bright Planet North,Petr Svoboda
33,Lost Bridge Under Stars,Martin Dvorak
34,Ancient Machine North,Martin Dvorak
35,Broken Memory Under Stars,Lenka Horakova
36,Gentle Festival North,Jana Vesela
37,Electric Promise Under Stars,Klara Benesova
38,Distant Road North,Petr Svoboda
39,Shadow Journey Under Stars,Adam Cerny
40,Silent River North,Eva Novak
41,Wild Window Under Stars,Jana Vesela
42,Crimson Garden North,Tomas Kral
43,Golden Harbor Under Stars,Jana Vesela
44,Secret Station North,Jana Vesela
45,Silver Dream Under Stars,Tomas Kral
46,Hidden Storm North,Martin Dvorak
47,Burning Mirror Under Stars,Martin Dvorak
48,Rapid Valley North,Martin Dvorak
49,Last City Under Stars,Eva Novak
50,Frozen Forest North,Jana Vesela
51,Lonely Signal Under Stars,Klara Benesova
52,Bright Planet North,Petr Svoboda
53,Lost Bridge Under Stars,Eva Novak
54,Ancient Machine North,Petr Svoboda
55,Broken Memory Under Stars,Eva Novak
56,Gentle Festival North,Jana Vesela
57,Electric Promise Under Stars,Martin Dvorak
58,Distant Road North,Martin Dvorak
59,Shadow Journey Under Stars,Tomas Kral
60,Silent River North,Martin Dvorak
61,Wild Window Under Stars,Tomas Kral
62,Crimson Garden North,Eva Novak
63,Golden Harbor Under Stars,Eva Novak
64,Secret Station North,Martin Dvorak
65,Silver Dream Under Stars,Adam Cerny
66,Hidden Storm North,Tomas Kral
67,Burning Mirror Under Stars,Lenka Horakova
68,Rapid Valley North,Jana Vesela
69,Last City Under Stars,Adam Cerny
70,Frozen Forest North,Tomas Kral
71,Lonely Signal Under Stars,Eva Novak
72,Bright Planet North,Klara Benesova
73,Lost Bridge Under Stars,Petr Svoboda
74,Ancient Machine North,Klara Benesova
75,Broken Memory Under Stars,Petr Svoboda
76,Gentle Festival North,Adam Cerny
77,Electric Promise Under Stars,Tomas Kral
78,Distant Road North,Lenka Horakova
79,Shadow Journey Under Stars,Adam Cerny
80,Silent River North,Lenka Horakova
81,Wild Window Under Stars,Martin Dvorak
82,Crimson Garden North,Tomas Kral
83,Golden Harbor Under Stars,Tomas Kral
84,Secret Station North,Adam Cerny
85,Silver Dream Under Stars,Klara Benesova
86,Hidden Storm North,Eva Novak
87,Burning Mirror Under Stars,Petr Svoboda
88,Rapid Valley North,Lenka Horakova
89,Last City Under Stars,Eva Novak
90,Frozen Forest North,Martin Dvorak
91,Lonely Signal Under Stars,Adam Cerny
92,Bright Planet North,Eva Novak
93,Lost Bridge Under Stars,Tomas Kral
94,Ancient Machine North,Tomas Kral
95,Broken Memory Under Stars,Tomas Kral
96,Gentle Festival North,Jana Vesela
97,Electric Promise Under Stars,Klara Benesova
98,Distant Road North,Eva Novak
99,Shadow Journey Under Stars,Eva Novak
100,Silent River North,Adam Cerny
