sceneId,movieId,title,durationMinutes
1,1,Reunion shadow,2
2,1,Night warning,5
3,1,Final voice,8
4,1,Train door,3
5,1,Signal shadow,2
6,1,Tower warning,2
7,1,Chase voice,2
8,1,Escape door,7
9,1,Farewell shadow,7
10,1,Morning warning,6
11,1,Storm voice,3
12,1,Bridge door,3
13,1,Opening shadow,7
14,1,Decision warning,6
15,1,Discovery voice,7
16,1,Secret door,8
17,1,Market shadow,6
18,1,Letter warning,3
19,2,Escape search,6
20,2,Farewell dream,3
21,2,Morning truth,4
22,2,Storm argument,3
23,2,Bridge search,8
24,2,Opening dream,8
25,2,Decision truth,4
26,2,Discovery argument,5
27,2,Secret search,5
28,2,Market dream,8
29,2,Letter truth,8
30,2,Garden argument,5
31,2,Arrival search,2
32,2,Reunion dream,5
33,2,Night truth,3
34,2,Final argument,2
35,2,Train search,3
36,2,Signal dream,8
37,2,Tower truth,2
38,2,Chase argument,3
39,2,Escape search,6
40,2,Farewell dream,2
41,3,Discovery crossing,7
42,3,Secret race,8
43,3,Market call,2
44,3,Letter meeting,6
45,3,Garden crossing,8
46,3,Arrival race,2
47,3,Reunion call,8
48,3,Night meeting,4
49,3,Final crossing,2
50,3,Train race,8
51,3,Signal call,6
52,3,Tower meeting,2
53,3,Chase crossing,4
54,3,Escape race,5
55,3,Farewell call,6
56,3,Morning meeting,4
57,3,Storm crossing,4
58,3,Bridge race,2
59,3,Opening call,8
60,4,Night visit,8
61,4,Final key,2
62,4,Train memory,2
63,4,Signal promise,4
64,4,Tower visit,8
65,4,Chase key,5
66,4,Escape memory,2
67,4,Farewell promise,8
68,4,Morning visit,5
69,4,Storm key,5
70,4,Bridge memory,2
71,4,Opening promise,4
72,4,Decision visit,3
73,4,Discovery key,2
74,4,Secret memory,7
75,4,Market promise,7
76,4,Letter visit,5
77,4,Garden key,3
78,4,Arrival memory,5
79,4,Reunion promise,7
80,4,Night visit,7
81,4,Final key,2
82,4,Train memory,8
83,4,Signal promise,5
84,4,Tower visit,2
85,4,Chase key,8
86,4,Escape memory,5
87,5,Farewell map,6
88,5,Morning plan,7
89,5,Storm choice,8
90,5,Bridge return,6
91,5,Opening map,7
92,5,Decision plan,3
93,5,Discovery choice,3
94,5,Secret return,3
95,5,Market map,8
96,5,Letter plan,4
97,5,Garden choice,7
98,5,Arrival return,3
99,5,Reunion map,5
100,5,Night plan,7
101,5,Final choice,7
102,5,Train return,4
103,5,Signal map,6
104,5,Tower plan,7
105,5,Chase choice,3
106,5,Escape return,5
107,5,Farewell map,5
108,5,Morning plan,3
109,5,Storm choice,5
110,5,Bridge return,4
111,6,Secret voice,4
112,6,Market door,7
113,6,Letter shadow,4
114,6,Garden warning,6
115,6,Arrival voice,8
116,6,Reunion door,3
117,6,Night shadow,2
118,6,Final warning,3
119,6,Train voice,4
120,6,Signal door,7
121,6,Tower shadow,7
122,6,Chase warning,7
123,6,Escape voice,7
124,6,Farewell door,2
125,6,Morning shadow,6
126,6,Storm warning,7
127,6,Bridge voice,7
128,6,Opening door,8
129,6,Decision shadow,2
130,6,Discovery warning,4
131,6,Secret voice,4
132,6,Market door,7
133,6,Letter shadow,8
134,6,Garden warning,7
135,6,Arrival voice,4
136,6,Reunion door,6
137,7,Final truth,5
138,7,Train argument,2
139,7,Signal search,5
140,7,Tower dream,3
141,7,Chase truth,3
142,7,Escape argument,5
143,7,Farewell search,4
144,7,Morning dream,4
145,7,Storm truth,3
146,7,Bridge argument,3
147,7,Opening search,2
148,7,Decision dream,7
149,7,Discovery truth,3
150,7,Secret argument,5
151,7,Market search,4
152,7,Letter dream,7
153,8,Morning call,5
154,8,Storm meeting,7
155,8,Bridge crossing,7
156,8,Opening race,3
157,8,Decision call,2
158,8,Discovery meeting,8
159,8,Secret crossing,3
160,8,Market race,2
161,8,Letter call,7
162,8,Garden meeting,5
163,8,Arrival crossing,5
164,8,Reunion race,7
165,8,Night call,6
166,8,Final meeting,2
167,8,Train crossing,10
168,8,Signal race,5
169,8,Tower call,5
170,8,Chase meeting,2
171,8,Escape crossing,8
172,8,Farewell race,7
173,9,Market memory,6
174,9,Letter promise,3
175,9,Garden visit,4
176,9,Arrival key,5
177,9,Reunion memory,5
178,9,Night promise,8
179,9,Final visit,4
180,9,Train key,5
181,9,Signal memory,2
182,9,Tower promise,3
183,9,Chase visit,8
184,9,Escape key,6
185,9,Farewell memory,4
186,9,Morning promise,11
187,9,Storm visit,5
188,9,Bridge key,5
189,9,Opening memory,6
190,10,Train choice,2
191,10,Signal return,2
192,10,Tower map,2
193,10,Chase plan,2
194,10,Escape choice,5
195,10,Farewell return,6
196,10,Morning map,7
197,10,Storm plan,4
198,10,Bridge choice,2
199,10,Opening return,6
200,10,Decision map,8
201,10,Discovery plan,6
202,10,Secret choice,5
203,10,Market return,4
204,10,Letter map,2
205,10,Garden plan,6
206,10,Arrival choice,8
207,10,Reunion return,6
208,10,Night map,2
209,11,Storm shadow,3
210,11,Bridge warning,2
211,11,Opening voice,3
212,11,Decision door,5
213,11,Discovery shadow,2
214,11,Secret warning,4
215,11,Market voice,8
216,11,Letter door,8
217,11,Garden shadow,3
218,11,Arrival warning,5
219,11,Reunion voice,3
220,11,Night door,8
221,11,Final shadow,5
222,11,Train warning,8
223,11,Signal voice,4
224,11,Tower door,4
225,11,Chase shadow,2
226,11,Escape warning,3
227,11,Farewell voice,4
228,11,Morning door,7
229,12,Letter search,5
230,12,Garden dream,5
231,12,Arrival truth,4
232,12,Reunion argument,6
233,12,Night search,7
234,12,Final dream,7
235,12,Train truth,8
236,12,Signal argument,5
237,12,Tower search,6
238,12,Chase dream,6
239,12,Escape truth,9
240,12,Farewell argument,8
241,12,Morning search,4
242,12,Storm dream,7
243,12,Bridge truth,6
244,12,Opening argument,8
245,12,Decision search,4
246,12,Discovery dream,8
247,12,Secret truth,3
248,12,Market argument,5
249,12,Letter search,7
250,12,Garden dream,8
251,12,Arrival truth,8
252,12,Reunion argument,7
253,12,Night search,5
254,12,Final dream,3
255,13,Signal crossing,7
256,13,Tower race,4
257,13,Chase call,8
258,13,Escape meeting,7
259,13,Farewell crossing,7
260,13,Morning race,7
261,13,Storm call,6
262,13,Bridge meeting,6
263,13,Opening crossing,7
264,13,Decision race,5
265,13,Discovery call,3
266,13,Secret meeting,6
267,13,Market crossing,2
268,13,Letter race,2
269,13,Garden call,4
270,13,Arrival meeting,3
271,13,Reunion crossing,7
272,13,Night race,4
273,13,Final call,4
274,13,Train meeting,2
275,13,Signal crossing,2
276,13,Tower race,2
277,13,Chase call,7
278,13,Escape meeting,7
279,14,Bridge visit,7
280,14,Opening key,7
281,14,Decision memory,2
282,14,Discovery promise,2
283,14,Secret visit,5
284,14,Market key,3
285,14,Letter memory,3
286,14,Garden promise,7
287,14,Arrival visit,9
288,14,Reunion key,5
289,14,Night memory,2
290,14,Final promise,6
291,14,Train visit,3
292,14,Signal key,2
293,14,Tower memory,5
294,14,Chase promise,3
295,14,Escape visit,5
296,14,Farewell key,7
297,14,Morning memory,6
298,14,Storm promise,6
299,14,Bridge visit,6
300,14,Opening key,4
301,14,Decision memory,5
302,15,Garden map,2
303,15,Arrival plan,3
304,15,Reunion choice,2
305,15,Night return,8
306,15,Final map,2
307,15,Train plan,8
308,15,Signal choice,6
309,15,Tower return,6
310,15,Chase map,8
311,15,Escape plan,8
312,15,Farewell choice,7
313,15,Morning return,6
314,15,Storm map,3
315,15,Bridge plan,7
316,15,Opening choice,2
317,15,Decision return,8
318,15,Discovery map,3
319,15,Secret plan,6
320,15,Market choice,7
321,15,Letter return,8
322,16,Tower voice,8
323,16,Chase door,6
324,16,Escape shadow,3
325,16,Farewell warning,2
326,16,Morning voice,3
327,16,Storm door,3
328,16,Bridge shadow,6
329,16,Opening warning,5
330,16,Decision voice,8
331,16,Discovery door,2
332,16,Secret shadow,2
333,16,Market warning,2
334,16,Letter voice,4
335,16,Garden door,6
336,16,Arrival shadow,2
337,16,Reunion warning,6
338,17,Opening truth,5
339,17,Decision argument,4
340,17,Discovery search,7
341,17,Secret dream,7
342,17,Market truth,6
343,17,Letter argument,11
344,17,Garden search,7
345,17,Arrival dream,7
346,17,Reunion truth,4
347,17,Night argument,5
348,17,Final search,7
349,17,Train dream,7
350,17,Signal truth,8
351,17,Tower argument,2
352,17,Chase search,4
353,17,Escape dream,8
354,17,Farewell truth,7
355,17,Morning argument,7
356,17,Storm search,4
357,17,Bridge dream,6
358,17,Opening truth,6
359,17,Decision argument,7
360,17,Discovery search,7
361,17,Secret dream,8
362,17,Market truth,2
363,17,Letter argument,2
364,17,Garden search,8
365,17,Arrival dream,8
366,18,Arrival call,8
367,18,Reunion meeting,3
368,18,Night crossing,8
369,18,Final race,2
370,18,Train call,6
371,18,Signal meeting,3
372,18,Tower crossing,7
373,18,Chase race,3
374,18,Escape call,2
375,18,Farewell meeting,5
376,18,Morning crossing,5
377,18,Storm race,3
378,18,Bridge call,5
379,18,Opening meeting,8
380,18,Decision crossing,3
381,18,Discovery race,8
382,18,Secret call,4
383,18,Market meeting,4
384,18,Letter crossing,7
385,18,Garden race,3
386,18,Arrival call,4
387,18,Reunion meeting,4
388,18,Night crossing,5
389,18,Final race,7
390,18,Train call,7
391,18,Signal meeting,5
392,18,Tower crossing,3
393,19,Chase memory,4
394,19,Escape promise,6
395,19,Farewell visit,4
396,19,Morning key,6
397,19,Storm memory,5
398,19,Bridge promise,6
399,19,Opening visit,5
400,19,Decision key,4
401,19,Discovery memory,6
402,19,Secret promise,5
403,19,Market visit,5
404,19,Letter key,6
405,19,Garden memory,5
406,19,Arrival promise,6
407,20,Decision choice,8
408,20,Discovery return,6
409,20,Secret map,5
410,20,Market plan,6
411,20,Letter choice,4
412,20,Garden return,3
413,20,Arrival map,6
414,20,Reunion plan,8
415,20,Night choice,7
416,20,Final return,4
417,20,Train map,6
418,20,Signal plan,4
419,20,Tower choice,6
420,20,Chase return,6
421,21,Reunion shadow,3
422,21,Night warning,6
423,21,Final voice,2
424,21,Train door,6
425,21,Signal shadow,3
426,21,Tower warning,3
427,21,Chase voice,3
428,21,Escape door,5
429,21,Farewell shadow,7
430,21,Morning warning,2
431,21,Storm voice,6
432,21,Bridge door,3
433,21,Opening shadow,5
434,21,Decision warning,7
435,21,Discovery voice,4
436,21,Secret door,4
437,22,Escape search,9
438,22,Farewell dream,2
439,22,Morning truth,2
440,22,Storm argument,3
441,22,Bridge search,3
442,22,Opening dream,5
443,22,Decision truth,6
444,22,Discovery argument,7
445,22,Secret search,5
446,22,Market dream,2
447,22,Letter truth,5
448,22,Garden argument,7
449,22,Arrival search,2
450,22,Reunion dream,3
451,22,Night truth,8
452,22,Final argument,8
453,22,Train search,3
454,23,Discovery crossing,2
455,23,Secret race,8
456,23,Market call,5
457,23,Letter meeting,6
458,23,Garden crossing,6
459,23,Arrival race,2
460,23,Reunion call,8
461,23,Night meeting,6
462,23,Final crossing,3
463,23,Train race,6
464,23,Signal call,5
465,23,Tower meeting,8
466,23,Chase crossing,5
467,23,Escape race,8
468,23,Farewell call,3
469,23,Morning meeting,5
470,23,Storm crossing,4
471,24,Night visit,2
472,24,Final key,6
473,24,Train memory,4
474,24,Signal promise,8
475,24,Tower visit,2
476,24,Chase key,6
477,24,Escape memory,4
478,24,Farewell promise,7
479,24,Morning visit,7
480,24,Storm key,4
481,24,Bridge memory,7
482,24,Opening promise,6
483,24,Decision visit,2
484,24,Discovery key,7
485,24,Secret memory,2
486,24,Market promise,5
487,24,Letter visit,7
488,24,Garden key,5
489,24,Arrival memory,2
490,24,Reunion promise,8
491,24,Night visit,2
492,24,Final key,9
493,24,Train memory,8
494,24,Signal promise,8
495,24,Tower visit,7
496,25,Farewell map,3
497,25,Morning plan,3
498,25,Storm choice,5
499,25,Bridge return,4
500,25,Opening map,2
501,25,Decision plan,2
502,25,Discovery choice,8
503,25,Secret return,7
504,25,Market map,2
505,25,Letter plan,3
506,25,Garden choice,8
507,25,Arrival return,3
508,25,Reunion map,4
509,25,Night plan,4
510,26,Secret voice,8
511,26,Market door,6
512,26,Letter shadow,5
513,26,Garden warning,3
514,26,Arrival voice,6
515,26,Reunion door,5
516,26,Night shadow,4
517,26,Final warning,6
518,26,Train voice,4
519,26,Signal door,5
520,26,Tower shadow,5
521,26,Chase warning,5
522,26,Escape voice,5
523,26,Farewell door,7
524,26,Morning shadow,8
525,26,Storm warning,5
526,26,Bridge voice,7
527,26,Opening door,3
528,26,Decision shadow,7
529,26,Discovery warning,7
530,26,Secret voice,3
531,26,Market door,4
532,26,Letter shadow,8
533,26,Garden warning,6
534,27,Final truth,2
535,27,Train argument,3
536,27,Signal search,7
537,27,Tower dream,4
538,27,Chase truth,2
539,27,Escape argument,4
540,27,Farewell search,4
541,27,Morning dream,2
542,27,Storm truth,2
543,27,Bridge argument,6
544,27,Opening search,6
545,27,Decision dream,8
546,27,Discovery truth,7
547,27,Secret argument,2
548,27,Market search,4
549,27,Letter dream,7
550,27,Garden truth,8
551,27,Arrival argument,4
552,27,Reunion search,6
553,27,Night dream,8
554,27,Final truth,2
555,27,Train argument,3
556,27,Signal search,3
557,27,Tower dream,8
558,28,Morning call,5
559,28,Storm meeting,7
560,28,Bridge crossing,6
561,28,Opening race,4
562,28,Decision call,4
563,28,Discovery meeting,7
564,28,Secret crossing,5
565,28,Market race,4
566,28,Letter call,4
567,28,Garden meeting,4
568,28,Arrival crossing,3
569,28,Reunion race,2
570,28,Night call,7
571,28,Final meeting,3
572,28,Train crossing,4
573,28,Signal race,2
574,28,Tower call,7
575,28,Chase meeting,9
576,28,Escape crossing,7
577,28,Farewell race,3
578,28,Morning call,3
579,28,Storm meeting,3
580,28,Bridge crossing,7
581,28,Opening race,5
582,28,Decision call,4
583,28,Discovery meeting,7
584,29,Market memory,2
585,29,Letter promise,2
586,29,Garden visit,2
587,29,Arrival key,7
588,29,Reunion memory,5
589,29,Night promise,6
590,29,Final visit,7
591,29,Train key,6
592,29,Signal memory,7
593,29,Tower promise,6
594,29,Chase visit,7
595,29,Escape key,5
596,29,Farewell memory,3
597,29,Morning promise,2
598,29,Storm visit,6
599,29,Bridge key,7
600,29,Opening memory,8
601,29,Decision promise,5
602,29,Discovery visit,2
603,29,Secret key,7
604,29,Market memory,3
605,29,Letter promise,6
606,29,Garden visit,3
607,29,Arrival key,8
608,29,Reunion memory,5
609,29,Night promise,5
610,29,Final visit,2
611,29,Train key,7
612,30,Train choice,4
613,30,Signal return,4
614,30,Tower map,4
615,30,Chase plan,3
616,30,Escape choice,2
617,30,Farewell return,8
618,30,Morning map,3
619,30,Storm plan,4
620,30,Bridge choice,8
621,30,Opening return,8
622,30,Decision map,4
623,30,Discovery plan,4
624,30,Secret choice,8
625,30,Market return,5
626,30,Letter map,6
627,30,Garden plan,9
628,30,Arrival choice,8
629,30,Reunion return,2
630,30,Night map,2
631,30,Final plan,5
632,31,Storm shadow,6
633,31,Bridge warning,4
634,31,Opening voice,5
635,31,Decision door,4
636,31,Discovery shadow,8
637,31,Secret warning,7
638,31,Market voice,8
639,31,Letter door,8
640,31,Garden shadow,8
641,31,Arrival warning,5
642,31,Reunion voice,8
643,31,Night door,7
644,32,Letter search,3
645,32,Garden dream,3
646,32,Arrival truth,2
647,32,Reunion argument,4
648,32,Night search,3
649,32,Final dream,2
650,32,Train truth,4
651,32,Signal argument,4
652,32,Tower search,7
653,32,Chase dream,4
654,32,Escape truth,5
655,32,Farewell argument,7
656,32,Morning search,8
657,32,Storm dream,8
658,32,Bridge truth,8
659,33,Signal crossing,5
660,33,Tower race,8
661,33,Chase call,3
662,33,Escape meeting,4
663,33,Farewell crossing,4
664,33,Morning race,4
665,33,Storm call,7
666,33,Bridge meeting,3
667,33,Opening crossing,4
668,33,Decision race,3
669,33,Discovery call,6
670,33,Secret meeting,6
671,33,Market crossing,11
672,33,Letter race,7
673,33,Garden call,6
674,33,Arrival meeting,5
675,33,Reunion crossing,3
676,33,Night race,4
677,33,Final call,5
678,33,Train meeting,8
679,33,Signal crossing,5
680,34,Bridge visit,4
681,34,Opening key,2
682,34,Decision memory,6
683,34,Discovery promise,4
684,34,Secret visit,7
685,34,Market key,8
686,34,Letter memory,4
687,34,Garden promise,3
688,34,Arrival visit,4
689,34,Reunion key,7
690,34,Night memory,2
691,34,Final promise,9
692,34,Train visit,3
693,34,Signal key,7
694,34,Tower memory,4
695,34,Chase promise,7
696,34,Escape visit,8
697,34,Farewell key,7
698,34,Morning memory,6
699,34,Storm promise,6
700,34,Bridge visit,7
701,34,Opening key,8
702,35,Garden map,6
703,35,Arrival plan,7
704,35,Reunion choice,6
705,35,Night return,4
706,35,Final map,5
707,35,Train plan,2
708,35,Signal choice,5
709,35,Tower return,7
710,35,Chase map,4
711,35,Escape plan,7
712,35,Farewell choice,8
713,35,Morning return,4
714,35,Storm map,6
715,35,Bridge plan,6
716,35,Opening choice,5
717,36,Tower voice,8
718,36,Chase door,5
719,36,Escape shadow,2
720,36,Farewell warning,5
721,36,Morning voice,8
722,36,Storm door,3
723,36,Bridge shadow,7
724,36,Opening warning,2
725,36,Decision voice,7
726,36,Discovery door,8
727,36,Secret shadow,5
728,36,Market warning,6
729,36,Letter voice,3
730,36,Garden door,2
731,36,Arrival shadow,2
732,36,Reunion warning,5
733,36,Night voice,3
734,36,Final door,7
735,36,Train shadow,2
736,36,Signal warning,5
737,36,Tower voice,6
738,37,Opening truth,4
739,37,Decision argument,5
740,37,Discovery search,6
741,37,Secret dream,4
742,37,Market truth,3
743,37,Letter argument,2
744,37,Garden search,5
745,37,Arrival dream,4
746,37,Reunion truth,9
747,37,Night argument,4
748,37,Final search,8
749,37,Train dream,4
750,37,Signal truth,3
751,37,Tower argument,4
752,37,Chase search,3
753,37,Escape dream,3
754,37,Farewell truth,6
755,37,Morning argument,8
756,37,Storm search,2
757,37,Bridge dream,3
758,37,Opening truth,4
759,37,Decision argument,6
760,37,Discovery search,4
761,37,Secret dream,3
762,37,Market truth,6
763,37,Letter argument,4
764,38,Arrival call,8
765,38,Reunion meeting,4
766,38,Night crossing,7
767,38,Final race,4
768,38,Train call,6
769,38,Signal meeting,6
770,38,Tower crossing,6
771,38,Chase race,7
772,38,Escape call,7
773,38,Farewell meeting,8
774,38,Morning crossing,4
775,38,Storm race,2
776,38,Bridge call,8
777,38,Opening meeting,7
778,38,Decision crossing,7
779,38,Discovery race,4
780,38,Secret call,5
781,38,Market meeting,8
782,39,Chase memory,2
783,39,Escape promise,4
784,39,Farewell visit,3
785,39,Morning key,5
786,39,Storm memory,3
787,39,Bridge promise,7
788,39,Opening visit,11
789,39,Decision key,2
790,39,Discovery memory,4
791,39,Secret promise,8
792,39,Market visit,2
793,39,Letter key,3
794,39,Garden memory,5
795,39,Arrival promise,3
796,39,Reunion visit,7
797,39,Night key,7
798,39,Final memory,5
799,39,Train promise,4
800,39,Signal visit,8
801,39,Tower key,5
802,39,Chase memory,8
803,39,Escape promise,2
804,39,Farewell visit,4
805,39,Morning key,7
806,39,Storm memory,4
807,39,Bridge promise,3
808,40,Decision choice,3
809,40,Discovery return,4
810,40,Secret map,3
811,40,Market plan,6
812,40,Letter choice,3
813,40,Garden return,11
814,40,Arrival map,4
815,40,Reunion plan,6
816,40,Night choice,8
817,40,Final return,5
818,40,Train map,7
819,40,Signal plan,8
820,41,Reunion shadow,8
821,41,Night warning,2
822,41,Final voice,2
823,41,Train door,2
824,41,Signal shadow,10
825,41,Tower warning,2
826,41,Chase voice,3
827,41,Escape door,7
828,41,Farewell shadow,2
829,41,Morning warning,7
830,41,Storm voice,3
831,41,Bridge door,3
832,41,Opening shadow,4
833,41,Decision warning,7
834,41,Discovery voice,6
835,41,Secret door,8
836,41,Market shadow,2
837,41,Letter warning,8
838,41,Garden voice,3
839,41,Arrival door,8
840,41,Reunion shadow,6
841,42,Escape search,4
842,42,Farewell dream,7
843,42,Morning truth,4
844,42,Storm argument,9
845,42,Bridge search,6
846,42,Opening dream,7
847,42,Decision truth,5
848,42,Discovery argument,3
849,42,Secret search,5
850,42,Market dream,6
851,42,Letter truth,5
852,42,Garden argument,4
853,42,Arrival search,4
854,42,Reunion dream,6
855,42,Night truth,6
856,42,Final argument,5
857,42,Train search,5
858,42,Signal dream,4
859,42,Tower truth,3
860,42,Chase argument,7
861,42,Escape search,3
862,42,Farewell dream,6
863,42,Morning truth,5
864,42,Storm argument,3
865,42,Bridge search,5
866,42,Opening dream,2
867,42,Decision truth,7
868,42,Discovery argument,7
869,43,Discovery crossing,8
870,43,Secret race,3
871,43,Market call,11
872,43,Letter meeting,8
873,43,Garden crossing,3
874,43,Arrival race,3
875,43,Reunion call,6
876,43,Night meeting,8
877,43,Final crossing,5
878,43,Train race,6
879,43,Signal call,2
880,43,Tower meeting,2
881,43,Chase crossing,7
882,43,Escape race,5
883,43,Farewell call,8
884,43,Morning meeting,5
885,43,Storm crossing,2
886,43,Bridge race,8
887,44,Night visit,8
888,44,Final key,9
889,44,Train memory,2
890,44,Signal promise,4
891,44,Tower visit,6
892,44,Chase key,2
893,44,Escape memory,8
894,44,Farewell promise,4
895,44,Morning visit,3
896,44,Storm key,3
897,44,Bridge memory,5
898,44,Opening promise,6
899,44,Decision visit,4
900,44,Discovery key,6
901,44,Secret memory,8
902,44,Market promise,3
903,44,Letter visit,6
904,44,Garden key,5
905,44,Arrival memory,4
906,44,Reunion promise,3
907,44,Night visit,6
908,44,Final key,6
909,44,Train memory,4
910,44,Signal promise,5
911,44,Tower visit,11
912,44,Chase key,5
913,44,Escape memory,8
914,44,Farewell promise,2
915,45,Farewell map,5
916,45,Morning plan,2
917,45,Storm choice,6
918,45,Bridge return,5
919,45,Opening map,2
920,45,Decision plan,4
921,45,Discovery choice,7
922,45,Secret return,4
923,45,Market map,2
924,45,Letter plan,2
925,45,Garden choice,4
926,45,Arrival return,7
927,45,Reunion map,5
928,45,Night plan,2
929,45,Final choice,6
930,46,Secret voice,7
931,46,Market door,7
932,46,Letter shadow,2
933,46,Garden warning,7
934,46,Arrival voice,2
935,46,Reunion door,2
936,46,Night shadow,2
937,46,Final warning,3
938,46,Train voice,8
939,46,Signal door,8
940,46,Tower shadow,4
941,46,Chase warning,3
942,46,Escape voice,4
943,46,Farewell door,5
944,46,Morning shadow,8
945,46,Storm warning,8
946,46,Bridge voice,8
947,46,Opening door,7
948,46,Decision shadow,4
949,46,Discovery warning,3
950,46,Secret voice,4
951,47,Final truth,8
952,47,Train argument,4
953,47,Signal search,6
954,47,Tower dream,7
955,47,Chase truth,4
956,47,Escape argument,4
957,47,Farewell search,6
958,47,Morning dream,8
959,47,Storm truth,5
960,47,Bridge argument,6
961,47,Opening search,5
962,47,Decision dream,8
963,47,Discovery truth,3
964,47,Secret argument,6
965,47,Market search,5
966,47,Letter dream,8
967,47,Garden truth,7
968,47,Arrival argument,4
969,47,Reunion search,3
970,47,Night dream,6
971,47,Final truth,5
972,47,Train argument,10
973,47,Signal search,5
974,47,Tower dream,8
975,47,Chase truth,6
976,47,Escape argument,8
977,47,Farewell search,5
978,47,Morning dream,6
979,48,Morning call,8
980,48,Storm meeting,7
981,48,Bridge crossing,2
982,48,Opening race,2
983,48,Decision call,6
984,48,Discovery meeting,7
985,48,Secret crossing,2
986,48,Market race,3
987,48,Letter call,8
988,48,Garden meeting,3
989,48,Arrival crossing,8
990,48,Reunion race,4
991,48,Night call,8
992,48,Final meeting,6
993,48,Train crossing,4
994,48,Signal race,2
995,48,Tower call,8
996,48,Chase meeting,6
997,48,Escape crossing,3
998,49,Market memory,7
999,49,Letter promise,7
1000,49,Garden visit,2
1001,49,Arrival key,6
1002,49,Reunion memory,7
1003,49,Night promise,5
1004,49,Final visit,4
1005,49,Train key,3
1006,49,Signal memory,6
1007,49,Tower promise,4
1008,49,Chase visit,3
1009,49,Escape key,7
1010,49,Farewell memory,3
1011,49,Morning promise,6
1012,49,Storm visit,4
1013,49,Bridge key,7
1014,49,Opening memory,7
1015,50,Train choice,3
1016,50,Signal return,3
1017,50,Tower map,6
1018,50,Chase plan,3
1019,50,Escape choice,5
1020,50,Farewell return,3
1021,50,Morning map,3
1022,50,Storm plan,5
1023,50,Bridge choice,7
1024,50,Opening return,8
1025,50,Decision map,5
1026,50,Discovery plan,2
1027,50,Secret choice,7
1028,50,Market return,3
1029,50,Letter map,6
1030,50,Garden plan,5
1031,50,Arrival choice,7
1032,50,Reunion return,7
1033,50,Night map,6
1034,50,Final plan,8
1035,50,Train choice,6
1036,50,Signal return,6
1037,50,Tower map,6
1038,51,Storm shadow,5
1039,51,Bridge warning,3
1040,51,Opening voice,5
1041,51,Decision door,5
1042,51,Discovery shadow,3
1043,51,Secret warning,2
1044,51,Market voice,3
1045,51,Letter door,4
1046,51,Garden shadow,3
1047,51,Arrival warning,6
1048,51,Reunion voice,3
1049,51,Night door,8
1050,51,Final shadow,4
1051,51,Train warning,8
1052,51,Signal voice,2
1053,51,Tower door,2
1054,51,Chase shadow,6
1055,52,Letter search,2
1056,52,Garden dream,2
1057,52,Arrival truth,7
1058,52,Reunion argument,8
1059,52,Night search,6
1060,52,Final dream,4
1061,52,Train truth,7
1062,52,Signal argument,4
1063,52,Tower search,6
1064,52,Chase dream,8
1065,52,Escape truth,4
1066,52,Farewell argument,7
1067,52,Morning search,6
1068,52,Storm dream,2
1069,52,Bridge truth,2
1070,52,Opening argument,2
1071,52,Decision search,9
1072,52,Discovery dream,8
1073,52,Secret truth,7
1074,52,Market argument,2
1075,52,Letter search,6
1076,52,Garden dream,4
1077,52,Arrival truth,2
1078,52,Reunion argument,5
1079,52,Night search,7
1080,52,Final dream,4
1081,52,Train truth,8
1082,52,Signal argument,8
1083,53,Signal crossing,2
1084,53,Tower race,4
1085,53,Chase call,8
1086,53,Escape meeting,5
1087,53,Farewell crossing,7
1088,53,Morning race,5
1089,53,Storm call,3
1090,53,Bridge meeting,5
1091,53,Opening crossing,2
1092,53,Decision race,5
1093,53,Discovery call,3
1094,53,Secret meeting,7
1095,54,Bridge visit,4
1096,54,Opening key,3
1097,54,Decision memory,3
1098,54,Discovery promise,5
1099,54,Secret visit,6
1100,54,Market key,3
1101,54,Letter memory,3
1102,54,Garden promise,4
1103,54,Arrival visit,7
1104,54,Reunion key,4
1105,54,Night memory,6
1106,54,Final promise,6
1107,54,Train visit,5
1108,54,Signal key,8
1109,54,Tower memory,11
1110,54,Chase promise,8
1111,54,Escape visit,7
1112,54,Farewell key,6
1113,54,Morning memory,7
1114,54,Storm promise,8
1115,54,Bridge visit,8
1116,54,Opening key,4
1117,55,Garden map,2
1118,55,Arrival plan,4
1119,55,Reunion choice,6
1120,55,Night return,2
1121,55,Final map,3
1122,55,Train plan,2
1123,55,Signal choice,8
1124,55,Tower return,6
1125,55,Chase map,4
1126,55,Escape plan,8
1127,55,Farewell choice,7
1128,55,Morning return,2
1129,55,Storm map,2
1130,55,Bridge plan,10
1131,55,Opening choice,8
1132,55,Decision return,6
1133,55,Discovery map,4
1134,55,Secret plan,8
1135,55,Market choice,3
1136,55,Letter return,4
1137,55,Garden map,8
1138,55,Arrival plan,6
1139,55,Reunion choice,2
1140,55,Night return,8
1141,55,Final map,7
1142,55,Train plan,6
1143,55,Signal choice,2
1144,56,Tower voice,2
1145,56,Chase door,7
1146,56,Escape shadow,3
1147,56,Farewell warning,7
1148,56,Morning voice,7
1149,56,Storm door,6
1150,56,Bridge shadow,2
1151,56,Opening warning,2
1152,56,Decision voice,4
1153,56,Discovery door,3
1154,56,Secret shadow,3
1155,56,Market warning,6
1156,57,Opening truth,6
1157,57,Decision argument,5
1158,57,Discovery search,2
1159,57,Secret dream,6
1160,57,Market truth,2
1161,57,Letter argument,6
1162,57,Garden search,6
1163,57,Arrival dream,7
1164,57,Reunion truth,6
1165,57,Night argument,2
1166,57,Final search,5
1167,57,Train dream,10
1168,57,Signal truth,6
1169,57,Tower argument,6
1170,57,Chase search,2
1171,57,Escape dream,7
1172,58,Arrival call,2
1173,58,Reunion meeting,8
1174,58,Night crossing,6
1175,58,Final race,8
1176,58,Train call,2
1177,58,Signal meeting,8
1178,58,Tower crossing,3
1179,58,Chase race,2
1180,58,Escape call,5
1181,58,Farewell meeting,3
1182,58,Morning crossing,11
1183,58,Storm race,2
1184,58,Bridge call,3
1185,58,Opening meeting,8
1186,58,Decision crossing,2
1187,58,Discovery race,6
1188,58,Secret call,4
1189,58,Market meeting,5
1190,58,Letter crossing,8
1191,58,Garden race,6
1192,58,Arrival call,8
1193,58,Reunion meeting,4
1194,58,Night crossing,4
1195,59,Chase memory,6
1196,59,Escape promise,8
1197,59,Farewell visit,8
1198,59,Morning key,4
1199,59,Storm memory,7
1200,59,Bridge promise,8
1201,59,Opening visit,5
1202,59,Decision key,8
1203,59,Discovery memory,4
1204,59,Secret promise,5
1205,59,Market visit,2
1206,59,Letter key,8
1207,59,Garden memory,6
1208,59,Arrival promise,7
1209,59,Reunion visit,2
1210,59,Night key,4
1211,59,Final memory,4
1212,59,Train promise,7
1213,59,Signal visit,7
1214,59,Tower key,7
1215,59,Chase memory,2
1216,59,Escape promise,4
1217,60,Decision choice,3
1218,60,Discovery return,5
1219,60,Secret map,3
1220,60,Market plan,7
1221,60,Letter choice,7
1222,60,Garden return,2
1223,60,Arrival map,4
1224,60,Reunion plan,8
1225,60,Night choice,10
1226,60,Final return,8
1227,60,Train map,2
1228,60,Signal plan,4
1229,60,Tower choice,5
1230,60,Chase return,4
1231,60,Escape map,4
1232,60,Farewell plan,5
1233,60,Morning choice,2
1234,60,Storm return,3
1235,60,Bridge map,4
1236,61,Reunion shadow,7
1237,61,Night warning,5
1238,61,Final voice,6
1239,61,Train door,7
1240,61,Signal shadow,7
1241,61,Tower warning,6
1242,61,Chase voice,3
1243,61,Escape door,11
1244,61,Farewell shadow,3
1245,61,Morning warning,8
1246,61,Storm voice,8
1247,61,Bridge door,7
1248,61,Opening shadow,8
1249,62,Escape search,7
1250,62,Farewell dream,2
1251,62,Morning truth,2
1252,62,Storm argument,7
1253,62,Bridge search,2
1254,62,Opening dream,8
1255,62,Decision truth,5
1256,62,Discovery argument,2
1257,62,Secret search,2
1258,62,Market dream,4
1259,62,Letter truth,6
1260,62,Garden argument,8
1261,62,Arrival search,2
1262,62,Reunion dream,8
1263,62,Night truth,4
1264,62,Final argument,8
1265,62,Train search,8
1266,62,Signal dream,7
1267,62,Tower truth,4
1268,63,Discovery crossing,5
1269,63,Secret race,2
1270,63,Market call,2
1271,63,Letter meeting,2
1272,63,Garden crossing,2
1273,63,Arrival race,8
1274,63,Reunion call,2
1275,63,Night meeting,7
1276,63,Final crossing,7
1277,63,Train race,4
1278,63,Signal call,3
1279,63,Tower meeting,6
1280,63,Chase crossing,2
1281,63,Escape race,6
1282,64,Night visit,2
1283,64,Final key,2
1284,64,Train memory,7
1285,64,Signal promise,3
1286,64,Tower visit,8
1287,64,Chase key,8
1288,64,Escape memory,7
1289,64,Farewell promise,3
1290,64,Morning visit,8
1291,64,Storm key,3
1292,64,Bridge memory,5
1293,64,Opening promise,7
1294,64,Decision visit,2
1295,64,Discovery key,7
1296,65,Farewell map,3
1297,65,Morning plan,8
1298,65,Storm choice,5
1299,65,Bridge return,8
1300,65,Opening map,2
1301,65,Decision plan,2
1302,65,Discovery choice,6
1303,65,Secret return,4
1304,65,Market map,2
1305,65,Letter plan,8
1306,65,Garden choice,3
1307,65,Arrival return,5
1308,65,Reunion map,3
1309,65,Night plan,8
1310,65,Final choice,3
1311,65,Train return,5
1312,65,Signal map,2
1313,65,Tower plan,4
1314,65,Chase choice,5
1315,65,Escape return,5
1316,65,Farewell map,5
1317,65,Morning plan,6
1318,65,Storm choice,6
1319,65,Bridge return,5
1320,65,Opening map,8
1321,65,Decision plan,5
1322,65,Discovery choice,9
1323,66,Secret voice,2
1324,66,Market door,6
1325,66,Letter shadow,7
1326,66,Garden warning,5
1327,66,Arrival voice,6
1328,66,Reunion door,2
1329,66,Night shadow,6
1330,66,Final warning,6
1331,66,Train voice,6
1332,66,Signal door,4
1333,66,Tower shadow,5
1334,66,Chase warning,5
1335,66,Escape voice,8
1336,66,Farewell door,2
1337,67,Final truth,3
1338,67,Train argument,10
1339,67,Signal search,8
1340,67,Tower dream,5
1341,67,Chase truth,5
1342,67,Escape argument,7
1343,67,Farewell search,7
1344,67,Morning dream,5
1345,67,Storm truth,4
1346,67,Bridge argument,8
1347,67,Opening search,3
1348,67,Decision dream,3
1349,67,Discovery truth,3
1350,67,Secret argument,2
1351,67,Market search,8
1352,67,Letter dream,2
1353,68,Morning call,8
1354,68,Storm meeting,8
1355,68,Bridge crossing,5
1356,68,Opening race,7
1357,68,Decision call,7
1358,68,Discovery meeting,3
1359,68,Secret crossing,3
1360,68,Market race,4
1361,68,Letter call,4
1362,68,Garden meeting,7
1363,68,Arrival crossing,3
1364,68,Reunion race,8
1365,68,Night call,3
1366,68,Final meeting,5
1367,68,Train crossing,6
1368,68,Signal race,8
1369,69,Market memory,2
1370,69,Letter promise,2
1371,69,Garden visit,3
1372,69,Arrival key,2
1373,69,Reunion memory,2
1374,69,Night promise,8
1375,69,Final visit,7
1376,69,Train key,3
1377,69,Signal memory,6
1378,69,Tower promise,8
1379,69,Chase visit,2
1380,69,Escape key,6
1381,69,Farewell memory,8
1382,69,Morning promise,4
1383,69,Storm visit,4
1384,69,Bridge key,3
1385,69,Opening memory,2
1386,69,Decision promise,3
1387,69,Discovery visit,4
1388,69,Secret key,8
1389,69,Market memory,6
1390,69,Letter promise,7
1391,69,Garden visit,5
1392,69,Arrival key,3
1393,69,Reunion memory,6
1394,69,Night promise,6
1395,69,Final visit,7
1396,70,Train choice,4
1397,70,Signal return,3
1398,70,Tower map,3
1399,70,Chase plan,4
1400,70,Escape choice,4
1401,70,Farewell return,4
1402,70,Morning map,2
1403,70,Storm plan,2
1404,70,Bridge choice,5
1405,70,Opening return,7
1406,70,Decision map,5
1407,70,Discovery plan,3
1408,70,Secret choice,3
1409,70,Market return,5
1410,70,Letter map,6
1411,70,Garden plan,7
1412,70,Arrival choice,3
1413,71,Storm shadow,2
1414,71,Bridge warning,2
1415,71,Opening voice,3
1416,71,Decision door,7
1417,71,Discovery shadow,5
1418,71,Secret warning,8
1419,71,Market voice,3
1420,71,Letter door,5
1421,71,Garden shadow,8
1422,71,Arrival warning,5
1423,71,Reunion voice,8
1424,71,Night door,5
1425,71,Final shadow,7
1426,71,Train warning,2
1427,71,Signal voice,8
1428,71,Tower door,2
1429,71,Chase shadow,8
1430,71,Escape warning,3
1431,71,Farewell voice,3
1432,71,Morning door,8
1433,72,Letter search,3
1434,72,Garden dream,8
1435,72,Arrival truth,4
1436,72,Reunion argument,8
1437,72,Night search,3
1438,72,Final dream,2
1439,72,Train truth,5
1440,72,Signal argument,4
1441,72,Tower search,6
1442,72,Chase dream,3
1443,72,Escape truth,8
1444,72,Farewell argument,4
1445,72,Morning search,8
1446,72,Storm dream,2
1447,72,Bridge truth,4
1448,72,Opening argument,5
1449,72,Decision search,4
1450,72,Discovery dream,5
1451,72,Secret truth,8
1452,72,Market argument,7
1453,72,Letter search,3
1454,72,Garden dream,6
1455,72,Arrival truth,3
1456,72,Reunion argument,2
1457,72,Night search,3
1458,72,Final dream,2
1459,72,Train truth,8
1460,72,Signal argument,5
1461,73,Signal crossing,2
1462,73,Tower race,4
1463,73,Chase call,8
1464,73,Escape meeting,8
1465,73,Farewell crossing,5
1466,73,Morning race,6
1467,73,Storm call,6
1468,73,Bridge meeting,2
1469,73,Opening crossing,2
1470,73,Decision race,5
1471,73,Discovery call,5
1472,73,Secret meeting,4
1473,73,Market crossing,5
1474,73,Letter race,6
1475,73,Garden call,5
1476,73,Arrival meeting,5
1477,73,Reunion crossing,8
1478,73,Night race,5
1479,73,Final call,5
1480,73,Train meeting,4
1481,73,Signal crossing,5
1482,73,Tower race,2
1483,73,Chase call,7
1484,73,Escape meeting,7
1485,73,Farewell crossing,8
1486,74,Bridge visit,4
1487,74,Opening key,3
1488,74,Decision memory,5
1489,74,Discovery promise,4
1490,74,Secret visit,5
1491,74,Market key,5
1492,74,Letter memory,4
1493,74,Garden promise,2
1494,74,Arrival visit,5
1495,74,Reunion key,2
1496,74,Night memory,8
1497,74,Final promise,3
1498,74,Train visit,7
1499,74,Signal key,3
1500,74,Tower memory,3
1501,74,Chase promise,5
1502,74,Escape visit,2
1503,74,Farewell key,5
1504,75,Garden map,7
1505,75,Arrival plan,3
1506,75,Reunion choice,5
1507,75,Night return,7
1508,75,Final map,3
1509,75,Train plan,5
1510,75,Signal choice,6
1511,75,Tower return,6
1512,75,Chase map,3
1513,75,Escape plan,3
1514,75,Farewell choice,5
1515,75,Morning return,5
1516,75,Storm map,3
1517,75,Bridge plan,8
1518,75,Opening choice,3
1519,75,Decision return,7
1520,75,Discovery map,10
1521,75,Secret plan,7
1522,75,Market choice,6
1523,76,Tower voice,2
1524,76,Chase door,3
1525,76,Escape shadow,3
1526,76,Farewell warning,4
1527,76,Morning voice,6
1528,76,Storm door,2
1529,76,Bridge shadow,3
1530,76,Opening warning,4
1531,76,Decision voice,7
1532,76,Discovery door,8
1533,76,Secret shadow,3
1534,76,Market warning,2
1535,76,Letter voice,3
1536,76,Garden door,7
1537,76,Arrival shadow,6
1538,76,Reunion warning,5
1539,76,Night voice,6
1540,76,Final door,8
1541,76,Train shadow,4
1542,76,Signal warning,6
1543,76,Tower voice,3
1544,77,Opening truth,7
1545,77,Decision argument,3
1546,77,Discovery search,2
1547,77,Secret dream,3
1548,77,Market truth,7
1549,77,Letter argument,5
1550,77,Garden search,5
1551,77,Arrival dream,6
1552,77,Reunion truth,6
1553,77,Night argument,6
1554,77,Final search,3
1555,77,Train dream,4
1556,77,Signal truth,4
1557,77,Tower argument,4
1558,77,Chase search,8
1559,77,Escape dream,5
1560,77,Farewell truth,4
1561,77,Morning argument,7
1562,77,Storm search,6
1563,77,Bridge dream,2
1564,77,Opening truth,7
1565,77,Decision argument,7
1566,77,Discovery search,4
1567,77,Secret dream,2
1568,77,Market truth,4
1569,78,Arrival call,5
1570,78,Reunion meeting,2
1571,78,Night crossing,3
1572,78,Final race,8
1573,78,Train call,7
1574,78,Signal meeting,7
1575,78,Tower crossing,3
1576,78,Chase race,3
1577,78,Escape call,2
1578,78,Farewell meeting,6
1579,78,Morning crossing,7
1580,78,Storm race,5
1581,78,Bridge call,2
1582,78,Opening meeting,6
1583,78,Decision crossing,6
1584,78,Discovery race,7
1585,78,Secret call,7
1586,78,Market meeting,3
1587,78,Letter crossing,3
1588,78,Garden race,3
1589,78,Arrival call,8
1590,78,Reunion meeting,6
1591,78,Night crossing,2
1592,78,Final race,3
1593,79,Chase memory,8
1594,79,Escape promise,3
1595,79,Farewell visit,5
1596,79,Morning key,4
1597,79,Storm memory,6
1598,79,Bridge promise,3
1599,79,Opening visit,2
1600,79,Decision key,6
1601,79,Discovery memory,6
1602,79,Secret promise,6
1603,79,Market visit,6
1604,79,Letter key,5
1605,79,Garden memory,11
1606,79,Arrival promise,6
1607,79,Reunion visit,6
1608,79,Night key,4
1609,79,Final memory,5
1610,79,Train promise,3
1611,79,Signal visit,8
1612,79,Tower key,3
1613,79,Chase memory,3
1614,79,Escape promise,2
1615,79,Farewell visit,2
1616,79,Morning key,3
1617,79,Storm memory,4
1618,79,Bridge promise,2
1619,80,Decision choice,5
1620,80,Discovery return,5
1621,80,Secret map,5
1622,80,Market plan,4
1623,80,Letter choice,6
1624,80,Garden return,4
1625,80,Arrival map,8
1626,80,Reunion plan,8
1627,80,Night choice,2
1628,80,Final return,8
1629,80,Train map,4
1630,80,Signal plan,5
1631,80,Tower choice,6
1632,80,Chase return,8
1633,80,Escape map,5
1634,80,Farewell plan,8
1635,80,Morning choice,7
1636,80,Storm return,5
1637,80,Bridge map,5
1638,80,Opening plan,5
1639,80,Decision choice,2
1640,80,Discovery return,8
1641,80,Secret map,5
1642,80,Market plan,2
1643,80,Letter choice,7
1644,80,Garden return,4
1645,80,Arrival map,7
1646,80,Reunion plan,6
1647,81,Reunion shadow,5
1648,81,Night warning,5
1649,81,Final voice,8
1650,81,Train door,3
1651,81,Signal shadow,4
1652,81,Tower warning,2
1653,81,Chase voice,5
1654,81,Escape door,3
1655,81,Farewell shadow,8
1656,81,Morning warning,4
1657,81,Storm voice,11
1658,81,Bridge door,2
1659,81,Opening shadow,3
1660,81,Decision warning,8
1661,81,Discovery voice,2
1662,81,Secret door,5
1663,81,Market shadow,4
1664,81,Letter warning,3
1665,81,Garden voice,3
1666,81,Arrival door,2
1667,81,Reunion shadow,3
1668,81,Night warning,4
1669,81,Final voice,4
1670,81,Train door,3
1671,81,Signal shadow,8
1672,81,Tower warning,8
1673,82,Escape search,7
1674,82,Farewell dream,4
1675,82,Morning truth,5
1676,82,Storm argument,3
1677,82,Bridge search,8
1678,82,Opening dream,6
1679,82,Decision truth,5
1680,82,Discovery argument,7
1681,82,Secret search,3
1682,82,Market dream,11
1683,82,Letter truth,7
1684,82,Garden argument,3
1685,82,Arrival search,5
1686,82,Reunion dream,3
1687,82,Night truth,4
1688,83,Discovery crossing,8
1689,83,Secret race,2
1690,83,Market call,3
1691,83,Letter meeting,7
1692,83,Garden crossing,2
1693,83,Arrival race,6
1694,83,Reunion call,7
1695,83,Night meeting,2
1696,83,Final crossing,11
1697,83,Train race,6
1698,83,Signal call,2
1699,83,Tower meeting,6
1700,83,Chase crossing,2
1701,83,Escape race,3
1702,83,Farewell call,8
1703,83,Morning meeting,7
1704,83,Storm crossing,2
1705,83,Bridge race,6
1706,83,Opening call,8
1707,84,Night visit,3
1708,84,Final key,2
1709,84,Train memory,4
1710,84,Signal promise,2
1711,84,Tower visit,7
1712,84,Chase key,7
1713,84,Escape memory,4
1714,84,Farewell promise,6
1715,84,Morning visit,3
1716,84,Storm key,2
1717,84,Bridge memory,4
1718,84,Opening promise,5
1719,84,Decision visit,7
1720,84,Discovery key,3
1721,84,Secret memory,7
1722,84,Market promise,5
1723,84,Letter visit,5
1724,84,Garden key,6
1725,84,Arrival memory,2
1726,85,Farewell map,5
1727,85,Morning plan,5
1728,85,Storm choice,7
1729,85,Bridge return,6
1730,85,Opening map,6
1731,85,Decision plan,2
1732,85,Discovery choice,6
1733,85,Secret return,2
1734,85,Market map,2
1735,85,Letter plan,8
1736,85,Garden choice,5
1737,85,Arrival return,7
1738,85,Reunion map,6
1739,85,Night plan,7
1740,86,Secret voice,8
1741,86,Market door,8
1742,86,Letter shadow,2
1743,86,Garden warning,4
1744,86,Arrival voice,6
1745,86,Reunion door,8
1746,86,Night shadow,4
1747,86,Final warning,8
1748,86,Train voice,8
1749,86,Signal door,4
1750,86,Tower shadow,5
1751,86,Chase warning,5
1752,86,Escape voice,8
1753,86,Farewell door,6
1754,86,Morning shadow,5
1755,86,Storm warning,5
1756,86,Bridge voice,2
1757,86,Opening door,6
1758,86,Decision shadow,2
1759,86,Discovery warning,3
1760,86,Secret voice,4
1761,86,Market door,8
1762,87,Final truth,8
1763,87,Train argument,6
1764,87,Signal search,5
1765,87,Tower dream,8
1766,87,Chase truth,10
1767,87,Escape argument,5
1768,87,Farewell search,2
1769,87,Morning dream,2
1770,87,Storm truth,4
1771,87,Bridge argument,8
1772,87,Opening search,6
1773,87,Decision dream,4
1774,88,Morning call,4
1775,88,Storm meeting,4
1776,88,Bridge crossing,4
1777,88,Opening race,7
1778,88,Decision call,4
1779,88,Discovery meeting,7
1780,88,Secret crossing,3
1781,88,Market race,3
1782,88,Letter call,7
1783,88,Garden meeting,5
1784,88,Arrival crossing,3
1785,88,Reunion race,2
1786,88,Night call,2
1787,88,Final meeting,5
1788,88,Train crossing,7
1789,88,Signal race,2
1790,88,Tower call,7
1791,88,Chase meeting,2
1792,88,Escape crossing,8
1793,89,Market memory,8
1794,89,Letter promise,8
1795,89,Garden visit,11
1796,89,Arrival key,3
1797,89,Reunion memory,7
1798,89,Night promise,8
1799,89,Final visit,5
1800,89,Train key,4
1801,89,Signal memory,3
1802,89,Tower promise,5
1803,89,Chase visit,7
1804,89,Escape key,5
1805,89,Farewell memory,8
1806,89,Morning promise,4
1807,89,Storm visit,8
1808,89,Bridge key,6
1809,89,Opening memory,8
1810,89,Decision promise,6
1811,89,Discovery visit,8
1812,90,Train choice,7
1813,90,Signal return,10
1814,90,Tower map,6
1815,90,Chase plan,4
1816,90,Escape choice,2
1817,90,Farewell return,6
1818,90,Morning map,8
1819,90,Storm plan,7
1820,90,Bridge choice,6
1821,90,Opening return,7
1822,90,Decision map,6
1823,90,Discovery plan,8
1824,91,Storm shadow,7
1825,91,Bridge warning,6
1826,91,Opening voice,5
1827,91,Decision door,6
1828,91,Discovery shadow,5
1829,91,Secret warning,4
1830,91,Market voice,2
1831,91,Letter door,7
1832,91,Garden shadow,3
1833,91,Arrival warning,4
1834,91,Reunion voice,4
1835,91,Night door,2
1836,91,Final shadow,7
1837,91,Train warning,4
1838,92,Letter search,7
1839,92,Garden dream,5
1840,92,Arrival truth,7
1841,92,Reunion argument,8
1842,92,Night search,8
1843,92,Final dream,3
1844,92,Train truth,8
1845,92,Signal argument,8
1846,92,Tower search,7
1847,92,Chase dream,6
1848,92,Escape truth,8
1849,92,Farewell argument,3
1850,92,Morning search,8
1851,93,Signal crossing,3
1852,93,Tower race,5
1853,93,Chase call,3
1854,93,Escape meeting,8
1855,93,Farewell crossing,6
1856,93,Morning race,4
1857,93,Storm call,8
1858,93,Bridge meeting,4
1859,93,Opening crossing,5
1860,93,Decision race,2
1861,93,Discovery call,5
1862,93,Secret meeting,3
1863,93,Market crossing,3
1864,93,Letter race,8
1865,93,Garden call,8
1866,93,Arrival meeting,3
1867,93,Reunion crossing,6
1868,93,Night race,3
1869,93,Final call,3
1870,94,Bridge visit,7
1871,94,Opening key,8
1872,94,Decision memory,2
1873,94,Discovery promise,7
1874,94,Secret visit,5
1875,94,Market key,2
1876,94,Letter memory,7
1877,94,Garden promise,6
1878,94,Arrival visit,7
1879,94,Reunion key,4
1880,94,Night memory,2
1881,94,Final promise,6
1882,94,Train visit,8
1883,94,Signal key,7
1884,95,Garden map,2
1885,95,Arrival plan,5
1886,95,Reunion choice,7
1887,95,Night return,7
1888,95,Final map,5
1889,95,Train plan,5
1890,95,Signal choice,3
1891,95,Tower return,2
1892,95,Chase map,4
1893,95,Escape plan,5
1894,95,Farewell choice,5
1895,95,Morning return,8
1896,95,Storm map,7
1897,96,Tower voice,4
1898,96,Chase door,7
1899,96,Escape shadow,8
1900,96,Farewell warning,6
1901,96,Morning voice,3
1902,96,Storm door,4
1903,96,Bridge shadow,3
1904,96,Opening warning,4
1905,96,Decision voice,8
1906,96,Discovery door,5
1907,96,Secret shadow,5
1908,96,Market warning,6
1909,96,Letter voice,7
1910,96,Garden door,3
1911,96,Arrival shadow,7
1912,96,Reunion warning,4
1913,96,Night voice,8
1914,96,Final door,6
1915,96,Train shadow,8
1916,96,Signal warning,5
1917,96,Tower voice,6
1918,96,Chase door,3
1919,97,Opening truth,3
1920,97,Decision argument,7
1921,97,Discovery search,3
1922,97,Secret dream,8
1923,97,Market truth,2
1924,97,Letter argument,8
1925,97,Garden search,4
1926,97,Arrival dream,8
1927,97,Reunion truth,7
1928,97,Night argument,6
1929,97,Final search,6
1930,97,Train dream,4
1931,97,Signal truth,7
1932,97,Tower argument,2
1933,97,Chase search,3
1934,98,Arrival call,5
1935,98,Reunion meeting,6
1936,98,Night crossing,2
1937,98,Final race,4
1938,98,Train call,4
1939,98,Signal meeting,7
1940,98,Tower crossing,5
1941,98,Chase race,3
1942,98,Escape call,6
1943,98,Farewell meeting,4
1944,98,Morning crossing,7
1945,98,Storm race,5
1946,98,Bridge call,3
1947,98,Opening meeting,2
1948,98,Decision crossing,3
1949,98,Discovery race,2
1950,98,Secret call,8
1951,98,Market meeting,3
1952,98,Letter crossing,7
1953,98,Garden race,5
1954,98,Arrival call,2
1955,98,Reunion meeting,7
1956,98,Night crossing,4
1957,98,Final race,7
1958,98,Train call,4
1959,98,Signal meeting,7
1960,98,Tower crossing,2
1961,98,Chase race,6
1962,99,Chase memory,2
1963,99,Escape promise,7
1964,99,Farewell visit,7
1965,99,Morning key,6
1966,99,Storm memory,3
1967,99,Bridge promise,3
1968,99,Opening visit,3
1969,99,Decision key,3
1970,99,Discovery memory,6
1971,99,Secret promise,7
1972,99,Market visit,2
1973,99,Letter key,6
1974,99,Garden memory,5
1975,99,Arrival promise,6
1976,99,Reunion visit,6
1977,99,Night key,9
1978,99,Final memory,8
1979,99,Train promise,5
1980,99,Signal visit,7
1981,100,Decision choice,5
1982,100,Discovery return,5
1983,100,Secret map,3
1984,100,Market plan,4
1985,100,Letter choice,5
1986,100,Garden return,2
1987,100,Arrival map,5
1988,100,Reunion plan,8
1989,100,Night choice,8
1990,100,Final return,3
1991,100,Train map,4
1992,100,Signal plan,6
1993,100,Tower choice,6
1994,100,Chase return,4
1995,100,Escape map,8
1996,100,Farewell plan,4
1997,100,Morning choice,4
1998,100,Storm return,5
1999,100,Bridge map,8
2000,100,Opening plan,2
